{
  "train_loss": [
    0.22049109682440757,
    0.06595891565084458,
    0.043544788658618924,
    0.029259140081703664,
    0.022291302345693112,
    0.01772643130272627,
    0.014835382997989654,
    0.012335927654057742,
    0.010699311718344689,
    0.009113603588193655
  ],
  "val_loss": [
    0.6097499819902273,
    0.06841785059525417,
    0.03083507215174345,
    0.022961269061152752,
    0.017080906921854384,
    0.013776806326439748,
    0.011651005381001877,
    0.009810138135575332,
    0.008771250812480083,
    0.0073410827809801465
  ],
  "val_iou": [
    0.4681254960143152,
    0.9696351808348728,
    0.9941965759259328,
    0.9947344044369462,
    0.9953388863991749,
    0.9954982473243269,
    0.9952485742662331,
    0.9960857613238979,
    0.9965352030939698,
    0.9972075803427931
  ]
}