{
  "train_loss": [
    1.539279818534851,
    1.4917405464432456,
    1.461095544424924
  ],
  "val_loss": [
    1.4993535280227661,
    1.4917575120925903,
    1.5017247676849366
  ],
  "val_accuracy": [
    0.32,
    0.30666666666666664,
    0.30666666666666664
  ]
}