{
  "train_loss": [
    1.5825369954109192,
    1.508394647728313,
    1.4937526095997204,
    1.4824842864816838,
    1.467886279929768
  ],
  "val_loss": [
    1.5019813776016235,
    1.4958163499832153,
    1.5007211208343505,
    1.5058248519897461,
    1.5429115295410156
  ],
  "val_accuracy": [
    0.37333333333333335,
    0.37333333333333335,
    0.37333333333333335,
    0.37333333333333335,
    0.30666666666666664
  ]
}